{"search":"","showTags":true,"showAttachments":false,"hideUnresolved":false,"showOrphans":true,"showArrow":true,"textFadeMultiplier":0.8,"nodeSizeMultiplier":2.17633471011167,"lineSizeMultiplier":1.76856356126664,"centerStrength":0.291494569374331,"repelStrength":10.4329202998317,"linkStrength":0.364999235123145,"linkDistance":250,"scale":0.30280298646286613}